Id,ORGANIZATION,NAME,GENDER,SPECIALITY,ADDRESS,CITY,STATE,ZIP,LAT,LON,ENCOUNTERS,PROCEDURES
85a4b66c-9b5b-33b5-88cb-75031ab508df,74ab949d-17ac-3309-83a0-13b4405c66aa,Gabriel934 Reilly981,F,GENERAL PRACTICE,881 Main Street,Fitchburg,MA,01420,42.586487,-71.80521,347,0
9c23a347-33ff-311a-9e34-6a17b3ed9c2d,588f6ce6-b8db-3588-8189-29db2680a313,Terence292 Brakus656,M,GENERAL PRACTICE,461 WALNUT AVE,JAMAICA PLAIN,MA,021302331,42.311587599999996,-71.09800136347226,44,0
85e72ac1-cd87-3916-8fd6-c4c110b24222,e09d4c49-c2ef-3b0f-9a46-3719d9219306,Ronald408 Emard19,F,GENERAL PRACTICE,60 HOSPITAL RD,LEOMINSTER,MA,014533290,42.54031915,-71.76312990486304,259,0
35496881-387f-3e85-937a-f3fc9b521715,aa682136-a4df-3942-9f50-e6fcee6c0b73,Precious140 Runolfsson901,F,GENERAL PRACTICE,501 CORDWAINER DRIVE,NORWELL,MA,020611630,42.1647071,-70.88149077838713,7,0
4f8a55db-50f7-330f-bca5-7802630b3469,5becf220-2978-3f33-bd38-9326947f85de,Tijuana228 Leannon79,F,GENERAL PRACTICE,240 LYNNFIELD STREET,PEABODY,MA,019605055,42.5141736,-70.97106354209534,15,0
2a9661b5-a782-33de-8b7b-b38c421ff39b,a418cf76-2ee3-3736-a752-29ee33e86015,Francene766 Kuhlman484,F,GENERAL PRACTICE,62 CENTER STREET,FAIRHAVEN,MA,027193823,41.63663425,-70.90101829397507,1,0
277ba252-26a3-3234-afb5-057cdd15e74b,ab701a70-a658-340e-8f69-ee196a7d40c6,Bud153 Parisian75,M,GENERAL PRACTICE,484 RTE 134,WORCESTER,MA,016071728,42.2625621,-71.8018877,13,0
4e0f7493-2b69-3c4c-b063-9bab36924e77,11ba6a26-59b4-3728-a268-6dc9929962b4,Archie818 McCullough561,M,GENERAL PRACTICE,200 GOVERNORS AVENUE,MEDFORD,MA,021551644,42.42711615,-71.1121606632448,3,0
b58c7014-2623-3696-96d0-d82b0dd4778a,af2d050e-91a7-3acb-8b27-0bf6a259645e,Cecila397 Bernhard322,F,GENERAL PRACTICE,57 CITY HALL AVE,GARDNER,MA,014402614,42.5760669,-71.9934081,17,0
f4088c99-8f89-3534-8b53-a7d0c64739d4,88e28a1c-aad9-36d0-832b-b579ecb95c3d,Cherish740 Toy286,F,GENERAL PRACTICE,14 MANNING AVENUE,LEOMINSTER,MA,014535768,42.5253035,-71.7584413,59,0
7c9330b0-67ff-305c-867f-68de889007a9,52ecddd8-42f6-35cc-88a5-cf474c02fb49,Maxima831 Fahey393,F,GENERAL PRACTICE,94 OBERY STREET,PLYMOUTH,MA,023602130,41.93725,-70.65503160208334,9,0
86d137c4-4ae4-3215-85a9-52ae0746cd3c,05bcaa3e-aa5d-3b03-ba26-7e4d2e083681,Kurt412 Howe413,M,GENERAL PRACTICE,1 LOVE LN,SOUTH DENNIS,MA,026603445,41.699084799999994,-70.13271830347861,2,0
fc795f06-8f73-344b-9a81-b08bf4efe9e7,fa564970-fde4-332c-91d9-c0747b032d3e,Jeremy766 Hudson301,M,GENERAL PRACTICE,34 SOUTH LINCOLN STREET,NATICK,MA,017606049,42.2731232,-71.3105334275248,2,0
f7beda1e-4d33-357c-abcb-606bd29e1f87,a3a72023-3f37-3d77-be82-62085a912993,María Luisa888 Jiménez568,F,GENERAL PRACTICE,311 STATE STREET,SPRINGFIELD,MA,011051140,42.10500795,-72.58124154847081,39,0
455a511f-a1a1-377e-8951-acdefd943097,667b46fe-0afa-3f70-a311-bbe3d52db050,Joshua658 Borer986,M,GENERAL PRACTICE,757 BOSTON POST RD,WORCESTER,MA,016071728,42.231371,-72.165386,3,0
ff00eecd-7a9e-365f-b844-c552053d01bc,a4af40b8-0ddb-34bb-ae4a-95a17e9ad6f3,Cristopher265 Heaney114,M,GENERAL PRACTICE,100 MYLES STANDISH BOULEVARD  SUITE 103,TAUNTON,MA,027807340,41.948930849999996,-71.14141318475193,7,0
01e6b261-c1e0-3fd1-8f70-ad35a9695f60,8e3ca57f-6f74-3d61-9803-ab1424290216,Concha418 Mann644,F,GENERAL PRACTICE,89 MORTON STREET,ANDOVER,MA,018102036,42.6551409,-71.12857340697036,2,0
5bdf9062-63ba-3953-add7-2edf79a21131,5fcff9db-16e4-3e56-aa78-abbc16338097,Marcus77 Schamberger479,M,GENERAL PRACTICE,295 VARNUM AVE,WESTFORD,MA,018863513,42.5792583,-71.4378411,50,0
c667f8c8-57cf-33a1-84ce-28935cf9e697,93c3d861-e05d-33b9-91eb-1768470229d7,Phoebe31 Thiel172,F,GENERAL PRACTICE,10 CENTENNIAL DR,PEABODY,MA,019607938,42.5261827,-70.9529896,28,0
6afb042b-485f-3e0a-8261-590d9905b298,2e1eaaf1-ebb0-332c-8921-f48e15b91879,Tambra47 Nolan344,F,GENERAL PRACTICE,2 SEAPORT DRIVE,QUINCY,MA,021711599,42.29287335,-71.03019020136307,16,0
4d9d7b7d-6516-3d74-b237-12cf72a7b5ed,b66db758-a205-3227-9cfb-bf19d2c1962d,Jamal145 Stroman228,M,GENERAL PRACTICE,121 HARVARD AVENUE  2ND FL,ALLSTON,MA,021342702,42.35241825,-71.13220132573996,7,0
9d65fe63-4b15-36d1-a6e1-ecf4e9efcccc,32fcdfba-8c93-30f4-b15b-dd3b65c29deb,Jody426 Bernhard322,M,GENERAL PRACTICE,20 NORTH MAPLE STREET,HADLEY,MA,010359715,42.3615107,-72.55261320852942,29,0
516c317a-dfd7-3072-a83b-39a322892de3,764bf964-6ab7-30eb-885b-3d713ca43265,Wayne846 Wilderman619,M,GENERAL PRACTICE,ROUTE 6   P O BOX 1430,WELLFLEET,MA,026677402,41.936423,-70.021074,13,0
c1f8a413-1bf0-3373-9c57-656ba2499bd9,bf556284-7513-3620-a10e-5393183a9a87,Rubén780 Amaya149,M,GENERAL PRACTICE,795 MIDDLE ST,FALL RIVER,MA,027211733,41.6924092,-71.16345107025307,22,0
38f952e2-1f19-3739-bda9-ed649ff512a4,4ffa4412-1493-3beb-b8f0-6614dde953a4,Harland508 Ryan260,M,GENERAL PRACTICE,363 HIGHLAND AVENUE,WAREHAM,MA,025715011,41.745636,-70.658192,5,0
8b287419-b582-3c1d-bd4b-578621127be6,ede4a423-6258-3ef5-b5ba-0fa6bb579563,Pablo44 Paucek755,M,GENERAL PRACTICE,326 NICHOLS ROAD,FITCHBURG,MA,014205478,42.5974358,-71.80761197366103,59,0
14e11e27-e275-36d6-a006-a43ba7f26568,a14e698d-a9ba-3eae-9c8b-682ec726433d,Germán350 Dueñas839,M,GENERAL PRACTICE,776 WESTERN AVE,LYNN,MA,019052408,42.466763,-70.9494939,120,0
24012c18-3726-33e7-af55-de777a8a35d0,c3a898a1-c269-39b4-80d7-accb96a03bbc,Brock407 Friesen796,M,GENERAL PRACTICE,32 CHESTNUT ST,EAST LONGMEADOW,MA,010282803,42.0532618,-72.50214900582449,1,0
c4a2fe14-a5d0-323e-b386-1138a33fb8bf,5ba6765a-f335-36b0-9c6a-6bb494c5330d,Clemente531 Schamberger479,M,GENERAL PRACTICE,31 OLD ROUTE 7,WESTWOOD,MA,020902333,42.2139873,-71.2244987,5,0
a33f64fa-4eb7-3146-aa36-254f1068a494,b6eeaaf7-1683-3bcb-b6ee-81ce304636ef,Ariane992 Pagac496,F,GENERAL PRACTICE,170 GOVERNORS AVE,MELROSE,MA,021763225,42.4564323,-71.064182,132,0
593e23c3-b287-3518-b595-7006339328c2,1c42af32-f17e-32ec-b007-4ff8e2de493e,Ivette731 Wunsch504,F,GENERAL PRACTICE,235 NORTH PEARL STREET,STOUGHTON,MA,020723396,42.1004556,-71.0668392,150,0
3b7053ac-c393-3ffa-bdf8-b2762b1bb758,d3085315-9893-34c7-8889-3a31dc17c2b0,Ethyl508 Rau926,F,GENERAL PRACTICE,1428 MAIN ST STE 7,WALPOLE,MA,020811729,42.1325911,-71.2618886,84,0
e43de670-d07b-30d2-bdcd-3f4c81420c5f,18061fd5-fda8-3e2d-87f0-0f3c87211bcc,Omer483 Koepp521,M,GENERAL PRACTICE,1493 CAMBRIDGE ST,SOMERVILLE,MA,021431408,42.3875968,-71.0994968,120,0
f5389996-1b29-3781-921d-2b9cdc561987,1faab3d1-2ae5-3110-8e5f-c65b92ca906d,Ernesto186 Méndez913,M,GENERAL PRACTICE,29 LEWIS AVE,GREAT BARRINGTON,MA,012301713,42.19093125,-73.3715000043024,191,0
74fdca51-7c1f-3f6e-8c3f-340eff3e0ad9,76281d34-caff-30e0-8545-bcdf33182109,Jewell855 Schmeler639,M,GENERAL PRACTICE,500 WILBUR AVENUE,SOMERSET,MA,027252051,41.72075205,-71.16843052114558,28,0
375ee456-565e-37c4-b5ee-51872b93e463,b3ada130-6443-3a8e-98c7-4ec127a2b0c4,Natalya468 Haley279,F,GENERAL PRACTICE,ONE GREAT ROAD,ACTON,MA,017205601,42.4850931,-71.43284,14,0
791f2c69-62c5-3d61-a5ca-41aa663531a6,7489f6e0-fee6-3fff-90b6-444868eb907c,Kasey569 Rau926,M,GENERAL PRACTICE,1 KIDDIE DRIVE  SUITE 106,AVON,MA,023221182,42.130150349999994,-71.05720685110387,2,0
dbb4175a-500c-3f04-83b8-a165d3829e9d,43e33b67-64ac-3314-99ee-114fb2b56b80,Vera718 Cummerata161,F,GENERAL PRACTICE,200 HILLSIDE CIRCLE  SUITE 2,WEST SPRINGFIELD,MA,010894681,42.105237,-72.6213712,3,0
4bbac216-3eb5-365c-8499-4860d1331988,1e11392b-1278-3e70-93cd-f396cbd0c265,Gino587 Block661,M,GENERAL PRACTICE,115 LINCOLN ST,NATICK,MA,017607700,42.2843753,-71.3441395,169,0
3b7be608-af4d-3178-9afd-0cc23a4b8ee1,fe30f2b4-9bc8-346e-afba-4455d1766545,Wilson960 Turner526,M,GENERAL PRACTICE,17 LAFAYETTE AVENUE,CHELSEA,MA,021502010,42.40019115,-71.03050082480353,46,0
f9b265e7-a0eb-3015-a74b-f10e4c902bf5,6cf8a214-8d57-3267-85e5-7719e15cd63e,Cindie288 Zulauf375,F,GENERAL PRACTICE,170 MORTON STREET,JAMAICA PLAIN,MA,021303735,42.299067750000006,-71.10124351911541,59,0
d688f658-4bf4-3bb2-bedd-15de1b6513c9,13161e5b-02d2-3d19-8b48-26ef0becfc83,Jerónimo599 Rivera179,M,GENERAL PRACTICE,165 CAPTAIN'S ROW,CHELSEA,MA,021504019,42.3917638,-71.0328284,1,0
180f3f9b-f6bc-3d56-9855-8a228809eca7,0fedae9f-701f-3317-9b2f-69aea2202cdc,Sharron285 Batz141,F,GENERAL PRACTICE,88 EAST NEWTON STREET,WINTHROP,MA,021522715,42.3750976,-70.982827,405,0
d5d06ad1-3d03-39bd-a020-6ca7909419e6,543d004c-b8b7-3000-8e7f-6fc90aa90596,Verdie59 Kulas532,F,GENERAL PRACTICE,451 ANDOVER ST,NORTH ANDOVER,MA,018455079,42.6734518,-71.1268776,23,0
613f04d7-3710-359d-a60d-560afb6b0f79,86bbc3aa-e927-3d56-9d77-ab701b4b2926,Lucien408 Howe413,M,GENERAL PRACTICE,538 ROBESON STREET,FALL RIVER,MA,027205496,41.707225,-71.1432141111111,1,0
0aa82dca-1ddc-33e2-8879-2dd6f77cb804,aade280a-3b90-3e48-9648-91109a964a63,Johna806 Klein929,F,GENERAL PRACTICE,909 SUMNER ST,DARTMOUTH,MA,027473826,41.6332267,-70.9879928,233,0
6a17b40b-c3f7-3809-8377-bb6c0a9acaf7,18764c6a-31fe-391c-80ac-6a5b761e06d6,Chadwick722 Doyle959,M,GENERAL PRACTICE,19 OBERY ST,PLYMOUTH,MA,023602129,41.94456995,-70.64966444737888,2,0
3261d75f-4451-308c-93d2-89cac4517523,96e9e829-0b71-3ad3-8b41-60e25b5d47d7,Doyle959 Crooks415,M,GENERAL PRACTICE,111 ORIENT AVE,EAST BOSTON,MA,021281006,42.39055278090538,-71.00587148689957,1,0
3282a1dd-c3a6-397b-b53e-2803dab65d4e,e59fb2d5-508c-38c6-af2e-21d8216dd2b0,Nicholle822 Fisher429,F,GENERAL PRACTICE,759 CHESTNUT ST,WARE,MA,010821625,42.256476,-72.237482,20,0
88b59a59-d66a-3e59-85a3-36ce8963778c,7a3b8310-02eb-3c47-aa1b-3f55b3ed9de9,María842 Benítez559,F,GENERAL PRACTICE,6 HATFIELD ST,NORTHAMPTON,MA,010602545,42.333172950000005,-72.6566355591273,12,0
3114129c-8566-3e75-b760-1d708b348ac9,ecadbc11-930c-3903-b706-f8ef4bc9089e,Erwin847 Baumbach677,M,GENERAL PRACTICE,780 CHESTNUT ST,SPRINGFIELD,MA,011031109,42.1211633,-72.60614164702717,25,0
e55d8c88-287b-30ab-ab12-21cff82b3cba,440fa4b8-c731-3cf5-81d9-aa3f30a37b95,Bennie663 Abbott774,M,GENERAL PRACTICE,41 & 45 MALL ROAD,PEABODY,MA,019602901,42.5278731,-70.9286609,23,0
2eb7e9bb-347e-345e-a48f-5c53bff21f48,0fab3c4e-a028-39a6-b15a-be5a88b6aa2a,Miyoko154 Paucek755,F,GENERAL PRACTICE,222 STATE STREET,LUDLOW,MA,010563437,42.15547415,-72.47222226666076,443,0
ae65bc70-e063-3c78-93d5-130d7bc73455,3b021cb6-4745-3d9d-8436-230055f770bd,Dusty207 Franecki195,M,GENERAL PRACTICE,148 CHESTNUT ST,NEEDHAM,MA,024943238,42.27728075,-71.23665362814043,26,0
b99c83af-4c53-380c-a6f6-8b1b71c08a3f,ce53c877-0290-390a-b4b4-2462001a1713,Anabel269 Hilll811,F,GENERAL PRACTICE,847 ROGERS STREET  SUITE 201,LOWELL,MA,018524345,42.6275246,-71.27673639687623,3,0
b4a5b496-ebe6-3070-a199-b264c104d0d3,be895734-2bc8-387a-8897-7023aee72926,Jesenia223 Torp761,F,GENERAL PRACTICE,12A ELMWOOD ST,REVERE,MA,021514604,42.420126,-70.997252,45,0
a3051774-c56a-30c9-a1ce-221805b9e463,c92cc255-6778-3307-8092-987d667be4ce,Andrés117 Ruiz676,M,GENERAL PRACTICE,89 FOSTER ST,PEABODY,MA,019608925,42.5278731,-70.9286609,28,0
dac54d3a-5d00-3859-8fdd-70348986e9f2,00ffb204-07b4-3c72-a678-fa252e6cf86c,Kathlene786 Satterfield305,F,GENERAL PRACTICE,450 BEDFORD ST,LEXINGTON,MA,02420,42.47370735,-71.25090005,110,0
15396396-9ceb-3fdf-b2b8-23db7771f657,ad82d624-72eb-3c7d-a76d-79f2668d1390,Mathew182 Howe413,M,GENERAL PRACTICE,3 WOODLAND RD,STONEHAM,MA,021801711,42.452443099999996,-71.08939988105112,73,0
12eb8169-3726-33a5-9d09-25399df9020b,b8421363-9807-3b16-a146-95336eea5cfb,Saundra460 Kuphal363,F,GENERAL PRACTICE,30 LOCUST ST,NORTHAMPTON,MA,010602052,42.33032115,-72.65330802608176,334,0
1f547f39-02a0-34e8-8634-b8661e1f9dc4,37111f41-8bc5-35d3-9cd9-5b447a11ffd1,Derek111 Greenholt190,M,GENERAL PRACTICE,TEN INGALLS COURT,METHUEN,MA,018443712,42.7262016,-71.1908924,10,0
4b439ced-0a6d-3987-8d05-fe74fb78d1e2,7567027f-af4e-3cd6-b1bf-e764ca3a5866,Rusty501 Rodriguez71,M,GENERAL PRACTICE,215 BICENTENNIAL HWY,SPRINGFIELD,MA,011181962,42.095480800000004,-72.50509214731676,2,0
6cd7bee3-4ffb-3cad-b11f-9da101a57f02,24460683-f514-37ef-98c1-724b2fc9aa2a,Dale454 Wilderman619,M,GENERAL PRACTICE,60 HODGES AVE,TAUNTON,MA,027803034,41.91158935,-71.10129620180315,45,0
7d33cf61-1649-34ae-b42a-6f687c630613,945104f1-4b95-3eed-bd02-5efa0afbf34d,Randolph418 Keebler762,M,GENERAL PRACTICE,20 CENTRAL AVE # 506,LYNN,MA,019011201,42.46410018181818,-70.9465129090909,1,0
813e6595-7f03-3f5c-89ca-f7430ef48079,e854f053-5621-31fa-afa1-29040b0d7466,Zane918 Ferry570,M,GENERAL PRACTICE,1575 BLUE HILL AVE,BOSTON,MA,021262122,42.2698727,-71.0940406,24,0
027d68a0-3f42-33f6-80a6-ae7027db5311,901c2d40-1ca3-3879-9a20-c663b8adc0a9,Chanelle850 Schuster709,F,GENERAL PRACTICE,800 WASHINGTON STREET,STONEHAM,MA,021802445,42.4863168,-71.0928919,287,0
806c7edf-1dfd-3814-936b-582a2c17a103,6170552c-4d27-3e64-8068-64a380f1837d,Leo278 Pacocha935,M,GENERAL PRACTICE,76 SUMMER ST,HAVERHILL,MA,018305814,42.7786873,-71.07306505177553,35,0
e132fe0c-83d9-3f9e-a6c8-5644c4f05853,e6cc6043-299a-3581-8f6b-b3b5d62c46ae,Ellen406 Farrell962,F,GENERAL PRACTICE,532 SUMNER AVE,SPRINGFIELD,MA,011082458,42.08631583333334,-72.55792579166666,84,0
44dac0c7-a65c-388b-9ed5-a176a0567149,b9e35b8a-9831-32d8-a6dc-d7a546c126b0,Gerardo48 Montez99,M,GENERAL PRACTICE,111 HUNTOON MEMORIAL HIGHWAY  1ST FLOOR,SPRINGFIELD,MA,011092550,42.1018764,-72.5886727,20,0
c2e31ed7-6335-3337-9a39-37964624ef06,70d5bbef-3c05-3318-b9d7-003dc8fbb8cf,Graciela518 Mena475,F,GENERAL PRACTICE,33 SUMMER ST,TAUNTON,MA,027803479,41.9005416,-71.08895606814966,2,0
0b9ea343-29c8-3d58-b7e1-76b7bc83c0a9,22249c0a-8ce9-3726-a3bb-b037c773ce5c,Thaddeus38 Sauer652,M,GENERAL PRACTICE,337 NEPONSET AVENUE,DORCHESTER,MA,021223103,42.2875144,-71.0470691675753,2,0
460753d0-8471-3877-b7ed-5cd3833f6698,b1965e0b-9ef4-3e96-bad6-cb88ea7e7324,Miguel815 Benavídez820,M,GENERAL PRACTICE,1 HOSPITAL RD,OAK BLUFFS,MA,025571406,41.46063105,-70.57989080295974,29,0
6bddf8dd-070c-3802-b0be-a97101cdb1c7,e1818b21-4458-3b9c-b2b8-7ed6f57ae078,María Soledad68 Rosas160,F,GENERAL PRACTICE,2399 BOSTON ROAD,WILBRAHAM,MA,010951185,42.14668485,-72.45048427046072,1,0
5659a6f9-5f55-3e05-97a0-56b8dba3851c,328f813e-4de8-3ec2-a113-43f3ddfb0b2a,Eldridge510 Roob72,M,GENERAL PRACTICE,30-40 WESTPARK STREET,BROCKTON,MA,023015241,42.0834335,-71.0183787,13,0
2085574e-f1e6-3bfa-8ee0-bc8ccb14f640,d6600c68-8a26-3a88-86e2-99517365c10a,María del Carmen27 Mireles421,F,GENERAL PRACTICE,175 Elm Street,New Bedford,MA,02740,41.635937,-70.92991,881,0
88aee267-a0f3-3462-94a1-f1ee27164cfd,954e01a8-3b27-314e-9c77-254f1ac9c917,Danial835 Lehner980,M,GENERAL PRACTICE,116 Long Pond Road,Plymouth,MA,02360,41.924313,-70.656654,177,0
6c64cd01-bcc2-3907-98af-effe075e6c16,dd3307db-114c-3f11-be44-a9eef6bb3fc5,Francis500 Ratke343,M,GENERAL PRACTICE,269 UNION STREET,LYNN,MA,019011201,42.4652772,-70.94362420273097,28,0
280a02e5-d020-3acb-9620-7d4ee70c0991,66505876-04a4-3f6e-9aa8-7232ee43ab76,Iola859 Rodriguez71,F,GENERAL PRACTICE,548 ELM STREET,NORTHAMPTON,MA,010602832,42.327755,-72.657308,1,0
958cb8b3-aa45-33b1-8f06-f4ece8dd83f4,15d4c950-4691-3996-b4c4-bf06bfb58ff7,Azucena377 Crona259,F,GENERAL PRACTICE,70 EAST ST,METHUEN,MA,018445883,42.7285558,-71.16833738237946,211,0
fae00955-c6eb-30e8-adc8-e8f198e55781,5018c664-e283-30eb-932a-529d9a19b3b5,Rochell365 Stehr398,F,GENERAL PRACTICE,300 SOUTH ST,WOBURN,MA,018014979,42.473347,-71.144086,35,0
206f608e-a1a2-3d7a-a065-5e37a22f65b0,2e8b42f8-4300-30a9-a576-d513d1021a0a,Beverlee316 Haag279,F,GENERAL PRACTICE,600 CLARK RD,TEWKSBURY,MA,018761699,42.63120935,-71.27023603178071,42,0
f35e2c58-57b0-33ff-93b1-9a13cebbc2f8,d140ed3f-2696-3e78-bd77-1c959ec4fc4d,Jamal145 Marks830,M,GENERAL PRACTICE,863 HATHAWAY ROAD,NEW BEDFORD,MA,027401916,41.6512968,-70.9669902070805,40,0
cd6f3dfd-391b-3d6a-a510-d8582cb3deff,d4e48a16-0a60-3e90-81e5-c35b22ffe6af,Bertram873 Kutch271,M,GENERAL PRACTICE,856 STATE RD,NORTH ADAMS,MA,012473027,42.69967208677275,-73.16330754755236,3,0
a67b8e7f-ee03-3a18-9608-98d78c22800e,4ff8b164-4cf5-3ab4-b0f2-7ce8fda920e5,Latrisha74 Mante251,F,GENERAL PRACTICE,800 WASHINGTON ST,WORCESTER,MA,016550002,42.180483,-71.867782,152,0
65f0e3e2-4d01-3483-a7d2-5653c6f6d33b,39c15c0f-5c49-311e-99d2-1fb99d80e06e,Nancie476 Homenick806,F,GENERAL PRACTICE,398 NEPONSET AVE,DORCHESTER,MA,021223134,42.286764399999996,-71.04402811508834,81,0
62056e9b-9a1f-32f6-8797-2eab7bca3d48,e39e92a8-2fde-314a-8fb1-8551218f03d9,Reinaldo138 Runolfsdottir785,M,GENERAL PRACTICE,60 EAST ST,METHUEN,MA,018444547,42.7265686,-71.16640139527428,33,0
4c83d8d3-ae91-3707-9d52-779f73272478,8f22037a-070f-3fcf-8f39-fa879f0ae107,Ina660 Hermann103,F,GENERAL PRACTICE,567 DARTMOUTH ST,S DARTMOUTH,MA,027481826,41.61112,-70.93937914285715,4,0
b812c177-de0f-3b57-b653-4530814b7431,bccd7d67-203c-3d93-b6b0-bff5a146cd1d,Courtney281 Kihn564,M,GENERAL PRACTICE,286 WASHINGTON ST,STOUGHTON,MA,020721763,42.1384306,-71.1022598,8,0
dd712517-b985-3e0f-9576-e7674b1c12e9,07baae96-3d74-3c69-a845-dad7b792eb52,Augustine565 Brekke496,M,GENERAL PRACTICE,42 ASBURY ST,SOUTH HAMILTON,MA,019821808,42.61322825,-70.87300675048934,47,0
4fd6225b-0ca8-3b15-b5d7-a80958dcc89a,63cb4d95-04a9-3a35-b5d9-f89e0377a48d,Chu728 Weber641,F,GENERAL PRACTICE,211 PARK ST,ATTLEBORO,MA,027033143,41.9419187,-71.2752081695297,272,0
41733c3e-7283-3304-83cb-7c14dc368a51,4e880cb9-1ca0-3582-b8cf-8a59b0d2b878,Haywood675 Bednar518,M,GENERAL PRACTICE,51 S CHURCH ST,PITTSFIELD,MA,012016178,42.44648205,-73.25863241543368,60,0
69732e5f-b1e8-3a4f-b0e6-3c70ba318b92,a2a41caf-758f-3962-8e5f-e6e603f93d17,Rhett759 Padberg411,M,GENERAL PRACTICE,111 HUNTOON MEMORIAL HWY,ROCHDALE,MA,015421305,42.2020225,-71.89891616754682,207,0
985958cf-5d85-338a-9a6c-b369e59d8f1b,8ae6a210-708f-3b23-b7d3-ac7948abd2b0,Khalilah870 Dare640,F,GENERAL PRACTICE,631 LINCOLN ST,WORCESTER,MA,016052010,42.2975664,-71.76536802164628,33,0
7505d248-38a5-37c8-94a2-2361fb35a604,db28cc9a-fdfb-35a6-aef7-ab9b933ef244,Judy192 Gleason633,F,GENERAL PRACTICE,8 DANA STREET,CAMBRIDGE,MA,021385402,42.3694992,-71.11011030010101,18,0
ac98d3d5-3935-317a-8d36-f80dc78f8ff2,4e3c60e6-dbed-32c3-9b03-767d7fbc82b0,Venita81 Lind531,F,GENERAL PRACTICE,222 RIVER RD,LEEDS,MA,010539783,42.364084399999996,-72.70745188531934,2,0
27288e9e-815d-37ee-bb48-a49c84c885b9,9d0e702d-50a0-3f4c-9126-0951d560fd4b,Otha286 Roberts511,M,GENERAL PRACTICE,189 MAY ST,WORCESTER,MA,016024339,42.25986305,-71.83597786023279,16,0
9b7e7292-cf90-3d48-ab16-be927f5dbf7a,f0e3e152-0b08-3819-b962-b043f63f6dc1,Manuela585 Rippin620,F,GENERAL PRACTICE,1010 VARNUM AVENUE,LOWELL,MA,018541915,42.6422606,-71.36626685573418,6,0
ea1c5c47-959b-3303-a391-200076a1611b,ea8d287f-b3a9-3800-8798-788e334ee406,Shirly501 Kuphal363,F,GENERAL PRACTICE,81 HIGHLAND AVE,SWAMPSCOTT,MA,019072928,42.4699241,-70.9171507,1,0
b191b566-a9dc-3042-8fec-b39606838260,c7542447-e06e-32cb-b6db-243c23a0dbc2,José Emilio366 Leyva523,M,GENERAL PRACTICE,30 WARREN ST,BOSTON,MA,021353602,42.3501483,-71.14393324457691,75,0
c2112ed9-4231-3e05-8033-42b2e1b30a59,8bf5325a-c11b-35c4-b07d-17a5aeba8353,Rueben647 Okuneva707,M,GENERAL PRACTICE,815 WORCESTER STREET,SPRINGFIELD,MA,011511001,42.1018764,-72.5886727,20,0
ba781006-2f51-3deb-8477-fa749d446f0c,43e22208-dae0-3196-b30b-17b3c50679c2,María Soledad68 Oquendo599,F,GENERAL PRACTICE,147 PELHAM ST,METHUEN,MA,018442060,42.7288158,-71.20222773774655,37,0
b7b934e1-18c2-3c01-b007-58202f6ccbda,46375470-1e20-3ddc-8dc5-010ba53826b6,Clara183 Reynolds644,F,GENERAL PRACTICE,40 WRIGHT ST,PALMER,MA,010691138,42.16934095,-72.34120457065711,5,0
cf038c5a-a84b-3890-becc-05e98b21bba7,9d2a1656-0f4d-30d1-bc63-eb365a05529c,Felipe97 Ledesma253,M,GENERAL PRACTICE,235 N PEARL ST,BROCKTON,MA,023011794,42.09805395,-71.0609587194362,20,0
7e4492f4-57ff-36f0-a2e0-3f04ea11a40d,aba3e6f6-4562-342e-b90f-dd61b117f394,Maryjane289 White193,F,GENERAL PRACTICE,438 CHESTNUT STREET,SPRINGFIELD,MA,011072008,42.11291091861002,-72.59692685125127,2,0
e643ee47-6704-3bef-8ab0-3462d7ad6833,a4b91172-69e7-3895-bd89-b9a0868de5c2,Salvador46 Wolff180,M,GENERAL PRACTICE,651 ORCHARD ST,NEW BEDFORD,MA,027441052,41.6149879,-70.93113851963673,100,0
6167dec6-bc9e-3fca-9ffe-77ae535a30ab,eee00932-ca82-36bc-b7e8-e3fff6dbaeaa,Cira533 Hane680,F,GENERAL PRACTICE,450 BROOKLINE AVE,WEYMOUTH,MA,021893141,42.2212188,-70.9391625,475,0
6fc01828-405e-3d66-b589-4312a5db9612,be509ccb-bfb7-3b87-8945-8426b689ef9d,Man114 Balistreri607,M,GENERAL PRACTICE,2049 DORCHESTER AVENUE,BOSTON,MA,021244742,42.3554334,-71.060511,8,0
1a04fee5-a53d-3ff5-ac5b-d6e70b287e00,6f90eaad-abe3-3ce0-b9a6-2031c5674f0d,Gordon377 Wuckert783,M,GENERAL PRACTICE,800 TURNPIKE ST STE 300,NORTH ANDOVER,MA,018456156,42.66074825,-71.10724143845708,36,0
4e8b2b51-870e-3af6-978b-324d7d449041,a06b1a97-d6ce-3ea1-ba4a-2ef85a8114ab,Kyle55 Goyette777,M,GENERAL PRACTICE,400 GROTON ROAD,AYER,MA,014321171,42.57821195,-71.5733060441645,2,0
27598001-8b9e-3848-8f5a-a076c8e92455,6873525f-1680-3ceb-b536-270d44b46e2e,Ramón841 Apodaca347,M,GENERAL PRACTICE,500 COLUMBIA RD,DORCHESTER,MA,021252322,42.3147979,-71.067633,62,0
6732a033-8f2c-3aa2-b196-f498d5fa0cc5,f8918a95-31e8-3ac4-8d12-29ca6080ebda,Manuela585 Benítez559,F,GENERAL PRACTICE,199 REEDSDALE RD,MILTON,MA,021863926,42.251368299999996,-71.0768393856917,112,0
38b04f4e-74ed-376c-a4e1-220367ff7518,8d5880eb-1dd8-31ea-b7c5-21709f3bb341,Jared66 Satterfield305,M,GENERAL PRACTICE,50 ROWE ST,MELROSE,MA,021763201,42.4592093,-71.06078096379728,40,0
805ec6c3-3289-3790-be84-9009244711f0,0ec04450-c150-322d-b2c3-1449d672a23c,Renaldo199 Huels583,M,GENERAL PRACTICE,110 W SQUANTUM ST,NORTH QUINCY,MA,021712122,42.27259075,-71.03082765,32,0
bbca8a01-a531-3fa9-b853-e7d2aac71c6f,3ff0f58b-7a1f-3334-9449-ff15f68b7d86,Crystle668 McCullough561,F,GENERAL PRACTICE,275 SANDWICH ST,PLYMOUTH,MA,023607761,41.94186605,-70.6455366462985,1,0
9593a8cb-b4bf-3b7d-a955-7bcb8a1df7a1,dbe1e521-57da-3855-9aa0-aabadbd17e32,Joline447 Stark857,F,GENERAL PRACTICE,454 WASHINGTON ST,NORWELL,MA,020612050,42.1592792,-70.85480698781902,2,0
beba95ef-f137-355c-a046-0661a81e6823,80458ace-5754-39b0-807a-1a5b119cb5bb,Wilbert25 Nolan344,M,GENERAL PRACTICE,11 PONTIAC AVE,WEBSTER,MA,015701629,42.06282535,-71.87016198711046,1,0
fb7b48e3-0e97-37ed-a31a-600805631bf3,dae3ee01-f383-366e-9ad6-dc92963064ea,Kristin64 Will178,F,GENERAL PRACTICE,1233 MAIN ST,HOLYOKE,MA,010405381,42.16578055,-72.63389634691956,19,0
51e6dfd8-94d3-308f-a874-64479420c80f,dac75bc1-cbfa-306b-9a0a-88d5edf3638d,Addie421 Ebert178,F,GENERAL PRACTICE,170 COREY ROAD,BRIGHTON,MA,021358244,42.3433093,-71.14003855124017,2,0
2f77c944-a5a2-3312-98bf-12d43c29d088,87472bc2-7c23-37cc-8355-7f3e88614b6b,Dean966 Kris249,M,GENERAL PRACTICE,305 MAPLE STREET,EAST LONGMEADOW,MA,010282765,42.059258494749486,-72.53388585052694,21,0
8f2fe25f-dae0-3733-8100-34c65a39acf0,b69bccdc-5ad3-3ded-a018-3cd8f369c9d2,Adán600 Alicea505,M,GENERAL PRACTICE,120 S MAIN STREET,CENTERVILLE,MA,026323246,41.649898300000004,-70.34309844876677,5,0
d8a2fd9a-9c07-39f6-af70-8eb285859f68,542185c1-943a-30f4-aba0-0efaa92488a4,Wilbur107 Rau926,M,GENERAL PRACTICE,142 LAKE ST,ARLINGTON,MA,024764738,42.40328885,-71.15140830652837,20,0
623f854a-6340-3a1d-a9b6-d998ac3b8add,a2cc09de-c1e2-3126-8c09-d49f95225281,Cristi782 Leannon79,F,GENERAL PRACTICE,300 LONGWOOD AVE,WALTHAM,MA,024532741,42.3756401,-71.2358004,1,0
91c3d722-e69b-356a-a98f-625fad15ddfe,44cb1162-a345-3477-8723-c202a3c8cdcd,Shaquita282 Graham902,F,GENERAL PRACTICE,73 W MAIN ST,HOPKINTON,MA,017481619,42.21799145,-71.54005509979045,31,0
49901f66-5a53-379b-9a7d-dc2012b49f07,ab16be57-62ea-39a5-8f7a-ee1285cf6934,Rogelio17 Gibson10,M,GENERAL PRACTICE,115 MILL ST,PETERSHAM,MA,013669503,42.4865962,-72.1893057,45,0
72ca1e09-61b2-397b-af09-9c6649292552,f341c366-8313-3790-ab26-d8d27b116ff5,Odell776 Greenholt190,F,GENERAL PRACTICE,80 LINCOLN STREET,WALTHAM,MA,024535465,42.39322121170625,-71.24104146434591,34,0
f78b7830-d552-30f8-8b7e-6a813d782bbe,5a6fa8a5-90e2-3f70-bb3e-3d9dd7ad2f96,Myrle831 D'Amore443,F,GENERAL PRACTICE,44 NEW LOMBARD RD,CHICOPEE,MA,010204857,42.1678446,-72.54203576723424,1,0
c7f14cdd-1472-32c2-b88f-7051b2c80dd5,e69e7cbb-8362-30d1-83f2-3a0c492fe2b1,Chris95 Kub800,F,GENERAL PRACTICE,110 LONG POND RD,PLYMOUTH,MA,023602642,41.9255829,-70.65514326847389,59,0
717b9c8b-d513-3878-8160-c7ca92df0b30,1ef8d603-bec1-35f5-a830-2a0b919cf47f,Dudley365 Kutch271,M,GENERAL PRACTICE,1801 TURNPIKE STREET,NORTH ANDOVER,MA,018456322,42.6355548,-71.0761760490546,3,0
ad61af46-329f-3e06-ab84-c9c5a9ff0ea3,06cc2462-430f-3322-9c87-7e971125f510,Kai187 Mann644,F,GENERAL PRACTICE,133 OLD ROAD TO 9 ACRE COR,WESTFORD,MA,018863198,42.5792583,-71.4378411,113,0
a495ac9f-b667-3ae9-ad1d-a7e36d57caa5,479427f6-9419-3eba-b2c2-b037b4b89493,Britt177 O'Keefe54,M,GENERAL PRACTICE,180 GEORGE WASHINGTON BLVD,HULL,MA,020453069,42.2630377,-70.8606109,75,0
129b21c4-bb8e-3329-81b7-1d492e65b94c,8e1aab52-fc16-3b51-ac7b-30379ebf5630,Sommer719 Durgan499,F,GENERAL PRACTICE,168 INDUSTRIAL DR,NORTHAMPTON,MA,010602379,42.335726,-72.63284732269418,10,0
e5589903-d2c1-3c93-94c7-c1f0fb3500ae,dfc0bac0-55a9-3f25-b0e3-78f9f586560c,Jae222 Windler79,F,GENERAL PRACTICE,444 STOCKBRIDGE ROAD,GREAT BARRINGTON,MA,012301295,42.22088152406833,-73.34280352682327,58,0
e3df5e2d-8519-3a38-96f6-285be15bdea5,ee7fab6f-6438-394f-b1f2-3e452f8f055a,Domonique463 Satterfield305,F,GENERAL PRACTICE,75 BRIMBAL AVENUE,BEVERLY,MA,019156009,42.570099299999995,-70.87108224250409,17,0
e850fff4-bb4e-3d55-ac0f-ce9c6260c5d3,79508e39-d0b0-3613-9d54-168f6e1c3a18,Antonette454 Tromp100,F,GENERAL PRACTICE,200 GROTON ROAD,GROTON,MA,014502056,42.577352149999996,-71.57414587343038,125,0
2475c849-1e81-34c4-9561-18932d2e3f1f,907b1d2f-2bf8-31b5-abc2-14d6b75faa96,Lizeth852 Ernser583,F,GENERAL PRACTICE,340 MAPLE ST,MARLBOROUGH,MA,017523200,42.3358161,-71.54106510218209,106,0
0f6cd1bc-9f7e-3b42-b7b0-eb0e9084d6c8,880fad59-9c38-3a21-a39f-ccc801502ab3,Halina47 Pollich983,F,GENERAL PRACTICE,799 CONCORD AVENUE,CAMBRIDGE,MA,021381048,42.390849395521705,-71.1556550001627,2,0
27abaf6d-514c-39c6-8e61-8aa0c5321925,352f2e3b-0708-3eb4-9f7e-e73a685bf379,Gregg522 Willms744,M,GENERAL PRACTICE,157 UNION ST,SOUTHBOROUGH,MA,017721215,42.3056501,-71.5245087,63,0
510a4cae-c04f-3141-92a0-c2ec8492ccd7,817f4acb-0184-3146-9ce0-87197d8f115a,Julienne688 Buckridge80,F,GENERAL PRACTICE,30 NEWCROSSING RD STE 301,READING,MA,01867,42.51809619399502,-71.0959083715027,57,0
073eefe2-9a6f-37f1-b49c-d196e24e70c6,a767ef82-13a7-356f-8fb8-5e8869426bda,Palma671 Willms744,F,GENERAL PRACTICE,3 HARVEST CIR,LINCOLN,MA,017733213,42.44715,-71.319067,1,0
8243ba20-1a31-3289-96dc-65a702c2b229,4fa643ae-1f58-3c2e-9f33-0ba56345ad10,Sharyl439 Williamson769,F,GENERAL PRACTICE,361 MAIN ST,WAREHAM,MA,025712153,41.761384899999996,-70.71911431737183,17,0
af7de5dc-b49b-3ba9-b9ff-d7200ea2540a,fb4a08b8-57ee-382b-b3cb-43d94f1bb4c0,Jude172 Hammes673,M,GENERAL PRACTICE,1010 SOUTH MAIN STREET,FALL RIVER,MA,027242855,41.690775450000004,-71.16515282264554,33,0
dfba8052-5eec-3e21-bdc6-c1b404af12a6,2b97893e-dc50-378b-a266-f089b8450329,Magdalena964 Torphy630,F,GENERAL PRACTICE,250 MOUNT VERNON ST,DORCHESTER,MA,021253120,42.3194571,-71.04610844302991,33,0
a1de8a29-ad7a-34ac-b232-e782edd85f1a,d0894f6b-78d7-338d-82ad-b63de4d40014,Dewayne363 Lemke654,M,GENERAL PRACTICE,330 MOUNT AUBURN STREET,WALTHAM,MA,02452,42.3756401,-71.2358004,1,0
dd3ba5b5-c6d4-33b4-92ce-7135f728d759,3d5fbf38-c781-3e04-8c7e-5a402611b7d4,Rebeca548 Padrón382,F,GENERAL PRACTICE,260 ELM ST,SOMERVILLE,MA,021442951,42.3955992,-71.1227391,143,0
5a170abc-bcaf-368b-b980-4637e8a1cbb0,d6b03647-983f-3162-af9e-b12aea026f13,Son314 MacGyver246,M,GENERAL PRACTICE,65 NEWBURYPORT TPKE,NEWBURY,MA,019501199,42.7891081,-70.87774011339009,39,0
3d20ac1b-cfe2-30dd-97fb-f6a5ef537df1,9ed61c49-1d0c-3774-b528-d75b50938fe2,Wilmer32 Stoltenberg489,M,GENERAL PRACTICE,110 West Squantum Street,Quincy,MA,02169,42.272617,-71.03133,44,0
3e52bbf2-0a3c-32d1-bf20-038588dfe340,326bc5bc-8da8-3337-a76a-7d44202dae3d,Porsche32 Hermiston71,F,GENERAL PRACTICE,184 SWANTON ST,WINCHESTER,MA,018901921,42.4606573,-71.13806547771736,2,0
6497a4a2-792c-3028-8b00-32ab42169586,46e66051-c061-3c31-b439-1d71df92db1c,Bree992 Denesik803,F,GENERAL PRACTICE,11 NORTH ST,STONEHAM,MA,021801040,42.50329135,-71.10023035268328,1,0
fbae885a-8f17-3708-ad48-3467df0267c9,b5789b71-fc8e-3b7e-9eb2-3fc577943117,Elvia127 Miller503,F,GENERAL PRACTICE,81 RESERVOIR DRIVE,ATHOL,MA,013314901,42.581152349999996,-72.18775715069674,25,0
7902e64b-a57c-3a5b-b571-9cbf1e3123e3,edd58f69-ad5f-346b-b1f9-530ccdc895f6,Shawn523 Padberg411,F,GENERAL PRACTICE,52 CARPENTER ST,ATTLEBORO,MA,027032472,41.9369576,-71.27996091755344,80,0
a69b0fd0-21fd-3174-8e68-44fc31002d65,b3f4de6b-901d-3856-ba81-35dc48a63d17,Jeana169 Cronin387,F,GENERAL PRACTICE,451 ANDOVER ST STE 205,NORTH ANDOVER,MA,018455079,42.6734518,-71.1268776,99,0
baf7b61f-51ac-3b1c-b565-f8b2ee26293f,e5ce3b83-f5e6-308d-aa64-82539fc2d906,Kyong970 Dach178,F,GENERAL PRACTICE,1842 BEACON ST,BROOKLINE,MA,024451922,42.33728028715071,-71.14536064081996,1,0
f2b9a50b-581f-30fa-b1c7-60e6e57e2873,936ceb96-2b12-371f-aa68-ee02a9c06f4c,Eddie505 Keeling57,F,GENERAL PRACTICE,225 BOSTON ST,LYNN,MA,019043124,42.470497449999996,-70.96003668151566,136,0
916ec39f-18ec-3607-80e4-1a787aed4b9b,51759ecf-0948-3f61-b8fc-09dd8f2b90a1,Damon455 Schultz619,M,GENERAL PRACTICE,CHRISTIAN HILL ROAD,GREAT BARRINGTON,MA,012301108,42.207865,-73.360405,14,0
8f26b3b7-3261-3d5b-b9c2-a53321773840,48a6d3ab-50ef-349e-8945-2558a78f378e,Junior695 Kuhlman484,M,GENERAL PRACTICE,795 MIDDLE ST,SWANSEA,MA,027774114,41.730919,-71.208117,316,0
1a8fe6a2-37d8-3f47-97b4-e11de4572d0f,0a8a4b11-d0b8-3cd2-92cd-983de5189cfa,Del587 Nicolas769,M,GENERAL PRACTICE,111 BIRCH STREET,LYNN,MA,019021574,42.47859105,-70.93458444045801,15,0
875f349e-56d5-362e-b9cf-3c035d4a296e,cabc0f0d-dcca-34a2-bc6b-519ed1cc7f74,Ronald408 Huels583,M,GENERAL PRACTICE,191 MERRIMACK ST STE 712,HAVERHILL,MA,018306199,42.7742236,-71.08181133783422,30,0
daff3936-9ffc-3a40-9e33-ac00118d62bb,335fe080-43f9-3219-84bd-031c4fcfe9d5,Nikki942 Hilll811,F,GENERAL PRACTICE,146 PARK AVE,ARLINGTON,MA,024765829,42.421350950000004,-71.18224816367342,1,0
adb53596-2886-3d24-98bb-095dae363f53,7b7ce654-a413-37d1-9d34-97240c0ac580,Liberty95 Kihn564,F,GENERAL PRACTICE,1 WRENTHAM ST,BELLINGHAM,MA,020192532,42.025037350000005,-71.48945118224057,2,0
a1a4b7e9-35a8-3ddf-80c0-13244f02971f,929528f5-8239-36c7-aacb-39424ede9cc5,Carmine137 Schinner682,M,GENERAL PRACTICE,40 SUNSET AVENUE,LENOX,MA,012402018,42.35951405,-73.28778674276077,7,0
ed995d7f-953c-32f3-94d4-53c0514c0b85,7b20d1c4-c56b-3647-801c-5e4e13679073,Riley817 Prohaska837,M,GENERAL PRACTICE,275 SANDWICH ST,PLYMOUTH,MA,023602183,41.94186605,-70.6455366462985,53,0
2b9ad350-d2f7-39f6-928c-f886dc4f7a3b,281525ef-5743-34a8-9339-66c8b4be6668,Jacobo456 Quintana711,M,GENERAL PRACTICE,555 PLANTATION STREET,WORCESTER,MA,016052376,42.2907683,-71.7649752,6,0
1f2f4f5b-5dd4-35a4-87aa-a167a32a5620,3e97ce4f-3ad7-3cea-883f-e2bb4ca89d83,Fidel864 Swift555,M,GENERAL PRACTICE,30 NEW CROSSING RD,READING,MA,018673270,42.51809619399502,-71.0959083715027,20,0
84c06a15-e700-31a7-bc71-8973f0539c57,6d6ef57e-b2ce-3a69-bacf-4305c51834b0,Lesha323 Skiles927,F,GENERAL PRACTICE,186 HIGHLAND AVE,SOMERVILLE,MA,021431507,42.38845955,-71.10666839512322,2,0
b8dd024c-1210-3058-89d3-fa2a49079133,552ede7f-2ba4-39ef-9217-29d27b89b8a7,Shameka870 Reichert620,F,GENERAL PRACTICE,87 SHATTUCK STREET,HAVERHILL,MA,018302319,42.796917699999995,-71.05216081525802,4,0
3b509b70-7631-3b0a-aa1b-5f9fef7022c7,79d49935-bcc0-36ca-920b-45365c367438,Jamel269 Hudson301,M,GENERAL PRACTICE,409 W BROADWAY,SOUTH BOSTON,MA,021272245,42.336831,-71.047958,14,0
f5d02b7c-dd3f-3395-b9a5-ef9c13b5f248,0f2c58ec-5323-3c0f-9bdf-af0df7eb2a2b,Owen89 Boehm581,M,GENERAL PRACTICE,130 DORCHESTER STREET,SOUTH BOSTON,MA,021272642,42.3334312,-71.0494949,6,0
5d03e5b2-1bc4-3bce-9764-7f775dd68aa8,680532c8-2661-3b39-875a-b6ec0746ccf5,Buford910 Dach178,M,GENERAL PRACTICE,30 ATHOL ST,ALLSTON,MA,021341124,42.36075595,-71.13397379082869,66,0
fded6929-0116-3d28-9602-5b0bd70cec38,10dcd91e-6eda-385b-bafb-d5e1ae92dc34,Susanne275 Abernathy524,F,GENERAL PRACTICE,677 W MAIN ST,HYANNIS,MA,026013493,41.652312699999996,-70.32027525205335,48,0
7223fb35-ea70-37d4-8131-ea1c58003304,c6b019eb-28ec-36f6-abf3-bcc4d1d58966,Maren639 Aufderhar910,F,GENERAL PRACTICE,33 AVON ST,WAKEFIELD,MA,018802310,42.50403445,-71.07462951514611,66,0
77859e94-931b-3177-b640-29a860ebe722,b3312a2d-37e9-35a8-b50d-6c165c437baa,Eliseo499 Reinger292,M,GENERAL PRACTICE,45 DIMOCK ST,ROXBURY,MA,021191029,42.32030665,-71.09721114916246,2,0
7d24b175-fe82-3889-b557-e91aecb35bbd,2836d9ac-c6a6-39d1-8f13-fdf0fc8928f4,Alysha630 Koch169,F,GENERAL PRACTICE,365 EAST ST,TEWKSBURY,MA,018761950,42.6069472,-71.2180803,252,0
a7d37856-a396-3115-af33-6b39588e9d7b,126b88f5-592a-3099-a433-c8b933f96d04,Charles364 Rempel203,M,GENERAL PRACTICE,573 GRANBY RD,SOUTH HADLEY,MA,010752122,42.23920485,-72.5586160752016,1,0
b91bdf98-e19a-3f3c-b315-02081dbae95c,7dddc0c2-9f1d-3e4e-b2f2-fc7e6abbed31,Bryan958 Gibson10,M,GENERAL PRACTICE,160 MERRIMACK STREET  SUITE 1,METHUEN,MA,018446117,42.7334079,-71.13599310716302,4,0
7b0005e6-6c45-369c-a39c-861a2f1810a5,82c72223-f521-3a34-9b9b-4ff366365399,Margaret865 Reinger292,F,GENERAL PRACTICE,2100 DORCHESTER AVENUE,QUINCY,MA,021691870,42.2509914,-71.0037374,56,0
7fd42d5d-ae3b-368c-9bed-08a2a3adea47,b1cbaecc-a62b-3f8f-8791-e090f947a41c,Lizabeth515 Bergstrom287,F,GENERAL PRACTICE,150 BERKELEY STREET,LAWRENCE,MA,018411224,42.72074925,-71.16392537985021,45,0
a186bad4-1f5f-32cc-8d2c-ea7306af254e,01516bed-cf23-30da-ad4f-967d65529743,Tena12 Davis923,F,GENERAL PRACTICE,67 BRIGHAM ST,NEW BEDFORD,MA,027402211,41.62716045,-70.9414201572985,28,0
7ad6cf55-898a-3193-add2-7d5f1621840f,04b252db-4231-3cb5-963d-6f096fb4b97c,Lorie307 Grady603,F,GENERAL PRACTICE,1177 PROVIDENCE HIGHWAY,NORWOOD,MA,020625019,42.194543,-71.1994976,4,0
d58953df-33b4-3c00-9c0d-211d631a07b3,a94f4f6e-88ad-39ff-a935-dc87f13327b1,Gerardo48 Pineda243,M,GENERAL PRACTICE,370 WEST STREET,LEOMINSTER,MA,014532073,42.535877150000005,-71.77537115047085,3,0
682adacc-93e9-36c1-96e3-f8782a0608ca,94f6a3ae-7d8d-3cbc-a788-e400732da7e5,Malcolm243 Kuvalis369,M,GENERAL PRACTICE,450 WEST RIVER ST,ORANGE,MA,013649603,42.5928702,-72.32953998953418,4,0
404d0d8e-dc5d-3bd3-8215-5b761929de5a,e2eab39c-5195-34aa-b35f-e89e37cfed01,January966 Roberts511,F,GENERAL PRACTICE,55 FOGG ROAD,WEYMOUTH,MA,021893141,42.175539799999996,-70.9539153674405,60,0
fb42b78d-7092-3584-8661-eab5524d1eb7,4fa8411f-42f8-3353-8947-bf15254c9dee,Lane844 Gutmann970,F,GENERAL PRACTICE,90 GREENWOOD STREET,WAKEFIELD,MA,018804039,42.476321150000004,-71.06922169005762,18,0
4858cf55-d160-30f7-bc9c-f423495137e8,a977feef-f585-3fa8-8deb-7e60fc2cab30,Magdalena964 Aguayo104,F,GENERAL PRACTICE,2314 MAIN STREET,TEWKSBURY,MA,018763128,42.58023655,-71.19367180835906,5,0
ca368104-ee6a-3c74-9656-2b676474b85f,1de7e7d9-9a7a-3a3f-bf4c-b4de450711f2,Vince741 Morissette863,M,GENERAL PRACTICE,198 LITTLETON RD,WESTFORD,MA,018863429,42.564282,-71.42620615382347,6,0
5f4bfdcb-0ce3-3272-a99a-7b4135e19dbe,940d491c-ad61-3bd3-9054-d6d884280934,Caridad510 Solano766,F,GENERAL PRACTICE,321 CENTRE STREET,DORCHESTER,MA,021221112,42.29394375,-71.06005213312326,1,0
8386df7c-0acb-3f1a-aefe-b9b8860ad06c,4705a8fd-19cd-32c1-8b3e-34bcfe84d0bd,Jimmie93 Mayert710,M,GENERAL PRACTICE,55 N WASHINGTON ST,NORTH ATTLEBORO,MA,027601607,41.983529,-71.332241,34,0
26df4403-b6c3-3e36-a28a-069478511dbd,f5ccbb53-e4a0-32e5-a693-02150497a8f4,Tyrone215 Huels583,M,GENERAL PRACTICE,100 HIGHLAND ST,MILTON,MA,021863881,42.250705749999995,-71.07724199194602,36,0
d0b2f7d9-f2c9-3a5d-b71f-2dafdafa5252,497f39dd-280e-3d58-af5b-c5e3a3a09b10,Arden380 Bergstrom287,M,GENERAL PRACTICE,27 PARK ST,HYANNIS,MA,026015230,41.65363635,-70.27352219234834,254,0
499bfbf1-280b-3309-9c78-3a1b4d14066d,54937333-e7d6-3b48-a8dd-cf60aa38d206,Rod343 Durgan499,M,GENERAL PRACTICE,11 MCGRATH HIGHWAY,QUINCY,MA,021695311,42.2492941,-70.99830205267904,1,0
cc44016e-7c98-3450-b501-1016cff51605,eaaf102d-0188-3a69-a751-030645e2a7b0,Errol226 Kiehn525,M,GENERAL PRACTICE,605 MAIN STREET,WAREHAM,MA,025711031,41.76766153042966,-70.73096212925822,2,0
f55a063f-e7c2-3ece-890d-73ea123216e5,a525d084-5a8f-3859-a048-2130a4092ec8,Linette249 Runte676,F,GENERAL PRACTICE,2 MOUNT ROYAL AVENUE  SUITE 350,MARLBOROUGH,MA,017521976,42.34042135,-71.57841367654626,1,0
4379d273-a1d7-3c34-9d5d-ac5b92813ee5,390a2aa4-70b4-3a64-a12f-9bd777834c8d,Evangeline16 Howe413,F,GENERAL PRACTICE,710 MAIN STREET,HARWICH PORT,MA,026461931,41.669654699920855,-70.06169919459835,60,0
74244a7d-2b73-3b33-b31e-017daaa520a8,18a96051-91f4-3cba-af96-056ea14dfee0,Gaston250 Grimes165,M,GENERAL PRACTICE,25 HIGHLAND AVENUE,NEWBURYPORT,MA,019503872,42.81369325,-70.89091645747592,29,0
c83f4d02-ddf4-33c8-a913-1edde73b9f2d,1ab2b5f9-cb95-3236-beec-9b9d4a407c61,Latoria810 Eichmann909,F,GENERAL PRACTICE,725 NORTH ST,PITTSFIELD,MA,012014109,42.4600752,-73.2492795834909,175,0
a6f2729e-9627-3f5f-9c26-618580cc78fb,41e2a44c-477c-3511-96f9-12c476aa3b6a,Antwan357 Lindgren255,M,GENERAL PRACTICE,85 E NEWTON ST,BOSTON,MA,021183553,42.336277100000004,-71.07085295687423,289,0
874d3583-bcca-3393-b9fb-0a96a0ddac0f,79a06fd6-9f2b-35e3-9b11-0bc5ff89e17c,Waylon572 Kovacek682,M,GENERAL PRACTICE,225 Boston Road  Suite 107,Lynn,MA,01904,42.470093,-70.95994,1207,0
ffca79e8-3039-3b51-a6c4-6303d060cb3b,c1986c0c-f756-3596-8f90-08adacf220fe,Dong972 Auer97,M,GENERAL PRACTICE,73 CHESTNUT STREET,SAUGUS,MA,019061605,42.4573919,-70.9918055,5,0
2b790cc0-2add-38f4-9b3d-77a10247f79e,18b1bb7e-2f93-3253-a7ae-d19c13ffeaa1,Derick144 Bashirian201,M,GENERAL PRACTICE,29 E 29TH ST,WEST NEWBURY,MA,019854201,42.8014795,-70.989778,31,0
2c6f7881-4938-39ce-a996-955721335ac6,78eb7e47-26d6-37d4-8e01-5eabfc9d068f,Jill895 Hagenes547,F,GENERAL PRACTICE,78 BRICKYARD RD,ATHOL,MA,01331,42.58312735,-72.2583516123911,39,0
0e26463e-5055-36aa-a501-f00b01377082,0d9b0d22-585e-3fd8-ab02-26b5be7915d1,Jean712 Koelpin146,F,GENERAL PRACTICE,516 CAREW ST,SPRINGFIELD,MA,011042330,42.12133575,-72.59217953646302,156,0
ed40612f-840b-34fd-bb40-bdf666ed8208,e4dbbb2f-5a51-341d-b5a5-dd91b968b217,Errol226 Gaylord332,M,GENERAL PRACTICE,329 WASHINGTON ST,NORWELL,MA,020611737,42.16319935,-70.86354427737673,1,0
a1db7cd2-c243-36a4-82da-aa10ff9f128d,0d1570ab-371c-3898-9397-95905d8c5166,Jose871 Dicki44,M,GENERAL PRACTICE,750 WASHINGTON ST,BOSTON,MA,021111552,42.3499038,-71.0631836,7,0
4dc5571d-bbcc-3911-9ead-ed4760a59304,1853aeef-5897-326a-80d6-aa4b0459eb6d,Natalia964 Sáenz811,F,GENERAL PRACTICE,381 WICKENDEN ST,ATTLEBORO,MA,027032247,41.9438129,-71.2806515,70,0
25290593-f577-39f3-9ef8-e7b2d6cfe462,4b7e26e6-e5b1-38c9-b4ac-fde9a0f93177,Maggie320 Eichmann909,F,GENERAL PRACTICE,38 BROAD STREET,QUINCY,MA,021694604,42.2560352,-70.99469254391217,79,0
1250683f-6c92-36b2-bdef-1c82a53ac79d,01bb7b5c-f850-3c4e-a3f1-442d8273559a,Dennis979 Effertz744,F,GENERAL PRACTICE,395 PLEASANT ST,NORTHAMPTON,MA,010603914,42.3150543,-72.62555561349089,67,0
ad8ee7df-433e-38f5-9a71-724275149059,22fa6d28-92b6-3446-a388-f5aba50debaf,Clarence5 Robel940,F,GENERAL PRACTICE,123 CAPTAIN'S ROW,CHELSEA,MA,021504019,42.3917638,-71.0328284,1,0
c9e3fd45-2bdc-36c7-af21-70f297f8aa5f,2ca615f3-87f7-3283-a447-d919a883b676,Roberto515 Macías944,M,GENERAL PRACTICE,1399 WASHINGTON ST,HANOVER,MA,023391653,42.1441354,-70.8440854,3,0
f870724e-d307-3c46-8183-68931afd4ac1,c0a33465-d309-3d2a-932e-9d554a7cc19c,Veronika907 Rogahn59,F,GENERAL PRACTICE,100 CENTURY DR,WORCESTER,MA,016061244,42.3138278,-71.7707002,95,0
274ec6cf-6534-3bb2-86c5-1f93efccbe91,51d38e67-9350-39b8-bbb3-91cc879ae415,Darrick836 Hoppe518,M,GENERAL PRACTICE,335 NICHOLS ROAD,FITCHBURG,MA,014201932,42.598254850000004,-71.80841914533654,2,0
e3e04b43-5f96-35e7-b5e8-539c91214662,0a689d33-2b0d-3942-8de8-e28812e91c69,Clora637 Pagac496,F,GENERAL PRACTICE,47 SEAVERNS AVE # 5,BROOKLINE,MA,024463806,42.3317642,-71.1211635,52,0
ca2fbb2b-0509-3616-a16f-021723129ae2,cac6f8b3-eafd-31b3-9fa3-8015752ccc2c,Celine582 Pagac496,F,GENERAL PRACTICE,123 SUMMER ST,WORCESTER,MA,016081216,42.26496835,-71.79655403681465,91,0
05cd01b2-f2ac-3b93-8151-f2e21eae4e91,bb867d36-0c8d-33b4-b19c-a8c026655b6c,Lahoma872 Macejkovic424,F,GENERAL PRACTICE,200 KENDALL ST,SPRINGFIELD,MA,011042532,42.12161175,-72.57784860231564,1,0
3e285fc0-b2a9-3432-ba43-87b1b0d30eb0,1b3fe590-8793-3f08-865d-01fc425a84d4,Mathilde204 Wintheiser220,F,GENERAL PRACTICE,1340 BOYLSTON ST,BOSTON,MA,022154302,42.34392675,-71.09888049065322,59,0
184bf172-b525-316f-9d7e-04824bb8841e,3f12ebb4-e03c-3453-88d2-4fc9682383df,Irina619 Stiedemann542,F,GENERAL PRACTICE,726 COUNTY ST,NORTH DARTMOUTH,MA,027473603,41.6389926,-70.9703171,194,0
4678fde4-7de1-3f39-bdaa-55842d9b13cb,a9fc7aa5-d3b3-314d-9cf7-af29051d3dd9,Olevia458 Hermiston71,F,GENERAL PRACTICE,1193 SEA STREET,TAUNTON,MA,027803960,41.8946107,-71.11113,49,0
f76dc72d-b517-347f-a401-ff772743c950,9fdce5d5-d4d0-3156-a8d5-8757bfe4e9b3,Rosario163 Kilback373,M,GENERAL PRACTICE,1 FARMER CIR,ARLINGTON,MA,024742866,42.42405225,-71.16792616556859,42,0
dbd97665-a521-3270-afeb-4d5397329422,86f41096-d81f-3e26-b770-b26adc017d3e,Floyd420 Prohaska837,M,GENERAL PRACTICE,288 WASHINGTON STREET,QUINCY,MA,021695523,42.24983615,-70.9902487341626,1,0
8b12800e-0e2e-3306-99f5-ecbb15214cd2,a35fd733-dc1a-33f0-a308-292ff5581287,Julianne852 Schaefer657,F,GENERAL PRACTICE,15 STRAW AVE,FLORENCE,MA,010621491,42.335654,-72.663286,48,0
954a2529-a2cf-3854-9960-f7e50952920d,b014aec7-7bd8-351f-8808-3e280cbc5be6,Sergio619 Volkman526,M,GENERAL PRACTICE,70 EAST ST,HAVERHILL,MA,018306700,42.7777829,-71.0767724,30,0
6db0ce34-f129-3423-8270-b74d23ac7edd,fc90e623-9edb-30a7-9040-29968f8ebaa8,Arnold338 Stiedemann542,M,GENERAL PRACTICE,271 CAREW ST,SPRINGFIELD,MA,011042377,42.11597825,-72.59301656598424,42,0
88180273-0aad-3eca-a155-f3f95f450bd0,40dd62f9-85ca-34e7-a20e-449daa16f4a5,Kayla528 Klein929,F,GENERAL PRACTICE,271 CAREW ST,SPRINGFIELD,MA,011043581,42.11597825,-72.59301656598424,69,0
8cb98557-6223-3bf2-b886-b2b5b788a952,c5742266-625d-3824-9ed3-4b5c6bc3e296,Erica194 Goyette777,F,GENERAL PRACTICE,22 BRAMHALL ST,SCITUATE,MA,020664312,42.1939754,-70.7697128,28,0
d287b654-127b-3f60-b141-2192c89353d6,99a31e4a-04aa-334b-9e96-904f01483d93,Deloris888 Ward668,F,GENERAL PRACTICE,100 N BEACON ST,ALLSTON,MA,021341928,42.3536388,-71.1375978,1,0
2e6b677f-54f1-33a9-857a-168be68660b9,36c8b677-a6ce-3266-b71e-ed86d778d0fa,Rebekah348 Rippin620,F,GENERAL PRACTICE,300 FRIBERG PKWY,WESTBOROUGH,MA,015813900,42.28350315,-71.58027718702151,72,0
df6b2415-df33-31c6-bc8e-352393d49822,e92dad8b-f485-315a-8fc4-1d7adfdc9c00,Laurena366 Anderson154,F,GENERAL PRACTICE,581 FAUNCE CORNER RD,DARTMOUTH,MA,027471242,41.676111381167445,-70.98788528176077,37,0
5fcba50b-4eeb-3bf4-9623-0ee6641199a4,6929d249-cc27-33aa-a871-b6f26059615d,Sina65 Fritsch593,F,GENERAL PRACTICE,ONE HOSPITAL ROAD  FIRST FL  WING 5   PO BOX 1477,OAK BLUFFS,MA,025571406,41.4538523,-70.5684713,47,0
b66d1628-51ea-3dfe-9b59-3f2cbb9b0377,aad05540-c9cb-3805-b3c4-f9b9d9b42b2e,Arla414 Fritsch593,F,GENERAL PRACTICE,821 E MAIN ST STE 3,CHICOPEE,MA,010206306,42.155774795300516,-72.55672263289513,43,0
7d39cc13-a387-36dc-9b56-0c930a9b2843,2987ddf5-7ff2-3e4a-9e25-d654a10313fd,Ted955 O'Connell601,M,GENERAL PRACTICE,519 MAIN STREET,MEDFIELD,MA,020522522,42.186209649999995,-71.30745495273302,7,0
3a67a512-5ff3-3a5a-9fa2-ddae2b6ee15b,eea92149-820f-301f-911e-b170e8312842,Marcy588 Hamill307,F,GENERAL PRACTICE,123 SUMMER STREET,WORCESTER,MA,016102177,42.26496835,-71.79655403681465,29,0
29a39c43-d640-3bb3-80a3-8edc48460351,19a3afba-b409-3650-a0ab-f3faf6e391ef,Patrina117 Strosin214,F,GENERAL PRACTICE,199 REEDSDALE RD,WALTHAM,MA,024511433,42.3756401,-71.2358004,193,0
af9e054e-9bf1-3179-ac84-ce01bc43cfda,76b7dbb5-0a02-32a4-9a01-3511f7e45016,Jerrold404 Satterfield305,M,GENERAL PRACTICE,59 COUNTRY WAY,SCITUATE,MA,020663746,42.1806871,-70.74862935148246,30,0
71f81898-959a-3d4e-b410-15271229304a,eb9188f8-3f7a-3794-a349-94f88f7ff41c,Elbert916 Kuhlman484,M,GENERAL PRACTICE,119 PROVIDENCE STREET,WORCESTER,MA,016044429,42.25031935,-71.79212030621437,2,0
311bff33-093b-3e69-a318-b5536b2b8d57,c9aabcbd-d4e0-391f-8980-d0be6934ea82,Lindsay928 Leffler128,M,GENERAL PRACTICE,340 PLEASANT ST,BROCKTON,MA,023013236,42.08764334999999,-71.03287346676532,115,0
dc070722-6ade-392a-bc46-77f98ad950fd,d9b71ccf-6649-3555-9e99-44eac0af257f,Darlene91 Collier206,F,GENERAL PRACTICE,655 DEDHAM ST,WRENTHAM,MA,020931135,42.084901,-71.30689224201797,14,0
70a3bd4f-fbae-3110-a637-1e78fa308d30,d6c165ec-d9ca-35a5-9bc8-2061cbfb83a2,Linn541 Lynch190,F,GENERAL PRACTICE,10 ADAMS ST,NORTH CHELMSFORD,MA,018631780,42.6389249,-71.3840196,44,0
f8d836b2-7f7c-333e-860d-e9bad201d9ec,cbebae9e-f95e-3d2c-9712-289ea8d6aeec,George991 Haley279,M,GENERAL PRACTICE,49 ROBINWOOD AVENUE,QUINCY,MA,021698130,42.2509914,-71.0037374,84,0
aa1a4bf6-a80e-3f15-87b9-a346217e538f,ec7e487e-7e78-3eac-a9ee-37f8de98a0f9,Marlene554 Hammes673,F,GENERAL PRACTICE,277 WASHINGTON STREET,ABINGTON,MA,023512489,42.10060947239023,-70.94967338146704,2,0
9be37134-cd89-325a-b174-8ed8d5ceea6f,ad482681-b4c4-3fce-ac59-78c83d31b0ba,Carmelo33 Turner526,M,GENERAL PRACTICE,130 CHESTNUT ST,FRANKLIN,MA,020383903,42.08345955,-71.38413379825735,1,0
f0a6f7d6-62e3-33e6-8617-caf9d77bc7eb,55809329-c479-30a9-824e-4768d46c0244,Myron933 Fadel536,M,GENERAL PRACTICE,280 MERRIMACK ST STE 103,LAWRENCE,MA,018431780,42.70271530167854,-71.14888290326759,29,0
12375956-4d6f-3975-958a-068ce4212082,a5577e5c-b886-37a0-8eee-8ff6feb7ea6b,Leopoldo762 Keebler762,M,GENERAL PRACTICE,330 MOUNT AUBURN ST,CAMBRIDGE,MA,021385502,42.3741033,-71.13417575971958,242,0
76028c8c-694c-3482-a362-b6d4c70a8ded,20df65a4-7567-3066-b680-0f71b0c31d38,Rayford811 Bashirian201,M,GENERAL PRACTICE,242 GREEN ST,GARDNER,MA,014401336,42.58685735,-71.98748072431209,99,0
27a56c6a-c7bc-3565-95b9-1f474b12f539,7dcab1ad-0e13-3700-9eb0-70767c5e2b55,German382 Wilkinson796,M,GENERAL PRACTICE,1515 ALLEN ST,SPRINGFIELD,MA,011181803,42.095299499999996,-72.50943136142334,15,0
1fd269c6-68f6-3f36-aba6-b59a49f28d9f,9485907a-9f9c-3c19-a424-b402ee8f99c2,Lavern240 Bogisich202,M,GENERAL PRACTICE,101 PLANTATION STREET,WORCESTER,MA,016043025,42.258026400000006,-71.78384882397785,11,0
8be4e8b1-5d57-3ff2-bd49-0c74f9a9742b,f2f525c9-8e06-3009-b720-ccf449bce7a5,Brad867 Fisher429,M,GENERAL PRACTICE,320 PITTSFIELD RD,LENOX,MA,012402377,42.3939874,-73.2706999222404,1,0
5dff51c1-e2ba-341e-9df6-f6e37d6f8bc7,966245ce-e84d-36b0-a838-2e0b5bb2e668,Pei116 Crooks415,F,GENERAL PRACTICE,1425 BLUE HILL AVENUE,MATTAPAN,MA,021262122,42.2754929,-71.09384131587021,7,0
a067d14f-a6bd-36bd-a3bd-67cceb100a69,b5e54a54-ad38-39f3-a5d4-6e73e5d76d2d,Otelia900 Rempel203,F,GENERAL PRACTICE,44 FRONT ST FL 3,WORCESTER,MA,016081722,42.2625621,-71.8018877,44,0
441a7ad4-4a65-3f84-8fc5-833927d1d4ca,845fbd9b-2d1c-39a8-8261-28ae40e4fab2,Bennett146 Rippin620,M,GENERAL PRACTICE,14 PROSPECT STREET,UPTON,MA,015681431,42.1700209025178,-71.59409308099494,58,0
ac61ea6a-1dc9-3a2f-a0e7-c45141db130f,9ce6072b-d039-3cde-8eaf-950211b8ae88,Saul605 Ratke343,M,GENERAL PRACTICE,147 S MAIN ST,MIDDLETON,MA,019492446,42.585787222720036,-71.00861442427218,8,0
bb069b65-6e5e-3809-a8b4-8130287f906f,af8566eb-8918-3ec7-ba44-92b6a2cf8097,Trevor374 Walker122,M,GENERAL PRACTICE,81 HIGHLAND AVE,SALEM,MA,019702714,42.5112107,-70.90516241826194,422,0
84f1caa7-7acf-39e1-a681-b694e44b850c,d4a03501-69f6-3a89-ac27-ed25976fdb6f,Virgen207 Hyatt152,F,GENERAL PRACTICE,25 WOODLAND ROAD,STONEHAM,MA,021801705,42.450448800000004,-71.09076944938434,4,0
d2edb835-1467-3d9a-b156-f1f602bddaa9,058176fd-cbb0-328b-8411-c19f5045032d,Dion244 Sanford861,M,GENERAL PRACTICE,840 EMERSON GARDENS ROAD,LEXINGTON,MA,02420,42.43761961817366,-71.19888753880475,4,0
b1102f73-6c3d-3036-a836-0750947b3cc7,a036cdf2-bbc5-3ffd-987f-56e437fd8b74,Shayne60 Gutmann970,M,GENERAL PRACTICE,265 N MAIN ST,SOUTH YARMOUTH,MA,026642083,41.680980000000005,-70.18292625685085,2,0
f8036b43-1ebe-3c9e-8024-37b72622a8b7,615416de-5217-3c11-9828-2d4bacd1d9cb,Keli839 Williamson769,F,GENERAL PRACTICE,434 ROUTE 134,HYANNIS,MA,026011854,41.6753274,-70.309939,1,0
3bdfa3ed-6c60-39df-af74-486b59eab158,a25107f7-f4f5-36fc-98e4-f3e1b5875c91,Tracy345 Wilderman619,M,GENERAL PRACTICE,1285 BEACON ST,WOBURN,MA,018012157,42.4979478,-71.1684508,3,0
5792e912-b035-3a47-8d93-0bdf33d1a62e,0e6c3ad1-24c1-34cb-bb6d-e8438fa319e2,Eufemia350 Casper496,F,GENERAL PRACTICE,50 DODGE ST,SWAMPSCOTT,MA,019071300,42.4699241,-70.9171507,22,0
13543d44-094e-3b01-a8af-0bbf81123fff,43ee6bb5-8efa-3bfc-8ca8-1579a5267753,Kristopher775 Roob72,M,GENERAL PRACTICE,235 N PEARL ST,BROCKTON,MA,023011794,42.09805395,-71.0609587194362,18,0
033791db-dc27-39da-93ea-325dcd1c6fb9,e87cda4c-1ad8-3a9e-b55f-7bfe987610ce,Josh874 Bechtelar572,M,GENERAL PRACTICE,326 NICHOLS RD,FITCHBURG,MA,014201914,42.5974358,-71.80761197366103,77,0
932c340c-bdcf-34d9-9be9-d87daa0ae579,28d71598-85eb-3a0e-90c1-22e0be1af57c,Jodie811 Hermann103,F,GENERAL PRACTICE,38 MULBERRY ST STE 204,NORTHAMPTON,MA,010602832,42.35436315,-72.70256804599192,67,0
aba2979b-899e-3a50-ac57-aae9a5485dd8,9adfae03-673d-365d-9052-f705098fa3e4,Daniel959 Wolff180,M,GENERAL PRACTICE,51 BLOSSOM ST,BOSTON,MA,021142699,42.36305545,-71.06643399281765,96,0
ecf178b0-e176-3686-9753-569fa1ba239f,46912be1-43b9-3c0c-9fbd-3d123f2eacc6,Sammie902 Kutch271,M,GENERAL PRACTICE,821 DANIEL SHAYS HWY,ATHOL,MA,013316903,42.572540548950265,-72.2674105528448,1,0
a558e39c-582b-3a39-ac1d-ee8584bd1b9f,89171335-b9c0-3326-98d6-a837d432b9fd,Lorette239 Hauck852,F,GENERAL PRACTICE,150 FLANDERS ROAD,LYNN,MA,019042915,42.466763,-70.9494939,34,0
961acc98-bb6b-3ddf-b69f-76d7c52170cc,01bde980-bf89-3138-8912-7360dff33247,Bradly656 Lang846,M,GENERAL PRACTICE,456 PARK AVE,WORCESTER,MA,016101254,42.25512735,-71.82580924803523,13,0
52075aba-a690-36e3-b0f3-cefb5a712b37,217cb6f6-e822-3831-9d9d-ffa104971042,Cira533 Jakubowski832,F,GENERAL PRACTICE,2 REHABILITATION WAY,WOBURN,MA,018016003,42.46352265,-71.161925472006,133,0
f28098ca-9425-399f-b760-6838d361de96,e2a8b444-9b8f-36ff-84c4-05ee98589482,Manuela585 Valdés907,F,GENERAL PRACTICE,8 SHIPWAY PL # C-8,CHARLESTOWN,MA,021294301,42.3778749,-71.0619957,127,0
c37c68e9-65ed-39cc-8f1a-6450b1248c0d,121b0ad1-1beb-3caa-9271-3d3f726bb727,Carlos172 Salas880,M,GENERAL PRACTICE,1030 MAIN STREET,WALTHAM,MA,024517447,42.375828,-71.2527956,7,0
cbcca404-0ea4-306c-971e-80ad207b2a34,db60692f-cbef-315b-9fce-38a7f015c482,Aurelio227 Hilpert278,M,GENERAL PRACTICE,72 SHARPE STREET,SCITUATE,MA,020664534,42.1939754,-70.7697128,38,0
a40bb9d4-6ad9-353b-a67c-d9fe43f0e9ed,e1892a2c-6dca-3c4c-93b7-0e00a9eb8b61,Derek111 Erdman779,M,GENERAL PRACTICE,20 EAST ST,HANOVER,MA,023391638,42.1278249,-70.82664947485381,59,0
1ec3ccb1-d80f-33b8-96d5-2d7d324c7798,11a40a26-a5a3-331d-aef0-d06dd90e2b4e,Len277 Wintheiser220,M,GENERAL PRACTICE,10 OSTERVILLE WEST BARNSTABLE RD,YARMOUTH PORT,MA,026752000,41.7020544,-70.249465,75,0
6f1e73fb-672b-3ac6-9fe5-5fe64d3cdf8f,9f368e75-397f-3d77-a317-9a005512a4e2,Franklin857 Pfannerstill264,M,GENERAL PRACTICE,381 PARK AVE,WORCESTER,MA,016101026,42.2583962,-71.82204240042036,22,0
4732a0bb-94f2-3113-91e7-2767414b2f10,4d3ec6c2-f6aa-3d7b-adcc-e7107dac8530,Elsa29 Schultz619,F,GENERAL PRACTICE,14 MASONIC CIRCLE,AUBURN,MA,015011341,42.181923125,-71.86839612499999,10,0
1091eeab-178e-33b1-b328-5c1220279d5c,95f6c328-96dd-3fb8-a56e-9aad566094b4,Milda157 Schoen8,F,GENERAL PRACTICE,4 STONY HILL ROAD,WILBRAHAM,MA,010951027,42.1552861,-72.48384800788648,1,0
306c1b1c-60f9-3f57-8c33-4d2652617c72,6d16a8e3-3569-38ab-afac-a2f8c1125085,José María211 Carrasco324,M,GENERAL PRACTICE,1010 WALTHAM STREET,LEXINGTON,MA,024218052,42.4139392,-71.22929265883278,8,0
03ebbbce-abed-3a77-b593-5e85748f0e04,91808f17-7583-32a3-aa55-23b131b327c7,Leonie332 Wunsch504,F,GENERAL PRACTICE,200 CORDWAINER DR,NORWELL,MA,020611671,42.16352995,-70.8846291501739,4,0
056e5b93-9189-38c3-9340-5f39a6bfdea7,53f086de-2fc7-3d35-92c2-aca4ed944e7f,Carisa395 Kutch271,F,GENERAL PRACTICE,1 GENERAL ST,LAWRENCE,MA,018412961,42.7097143,-71.15007700778098,255,0
605d1b2e-31af-3bd1-bdfa-4c9fc935b68d,20f63278-6709-3195-b767-782d2a10bd5c,Jamie386 Krajcik437,M,GENERAL PRACTICE,640 CONCORD AVENUE,CAMBRIDGE,MA,021381116,42.389222000000004,-71.14799280677965,12,0
6ceac735-c007-3338-a180-28268c12814d,6c71cd3b-4f9d-3de3-ad76-5e21f00c7ddd,Berta524 Jaramillo133,F,GENERAL PRACTICE,349 HAYDENVILLE RD,LEEDS,MA,010539767,42.3612643,-72.69018391711995,2,0
2dbfce75-4e43-350a-9e5b-549223ba6579,c05d73d0-b348-32ce-9fe5-13a720950f37,Rema399 McDermott739,F,GENERAL PRACTICE,45 DRUM HILL RD,CHELMSFORD,MA,018241503,42.6255635,-71.3615131,4,0
f57d440b-e12b-35f6-b815-3b6adfab7b63,c0cc8f8d-a479-3f83-9e1f-1fd556b944ef,Lu473 Heathcote539,F,GENERAL PRACTICE,250 PARADISE RD,SWAMPSCOTT,MA,01907,42.47638005,-70.91253402512964,12,0
f3daa9d8-320b-38bd-9607-87356a664a35,0e061004-bcc0-3e99-a237-d700823e817b,Kizzie166 Lehner980,F,GENERAL PRACTICE,570 BALDWINVILLE RD,BALDWINVILLE,MA,014361351,42.5953045,-72.07447782689232,51,0
47688f7f-1f2e-3537-898b-95187094e79c,de3cc142-803a-3ed4-8945-75ec88a84784,Brittni468 Trantow673,F,GENERAL PRACTICE,51 HOSPITAL ROAD,BALDWINVILLE,MA,014361215,42.6108483,-72.0608364,7,0
59000498-e80b-301f-b182-09d0e17f8b5c,047f6113-bd42-353b-8368-cf2352868915,Neal874 Schimmel440,M,GENERAL PRACTICE,62 WALNUT ST FL 2ND,WELLESLEY,MA,024812109,42.2964859,-71.2925571,29,0
b6fbefa7-e76c-333f-8239-5fca1de8d4f4,0592d4e5-a0fb-3143-83cd-8e5a6b066a96,Mica978 Lemke654,F,GENERAL PRACTICE,20 EAST ST,HANOVER,MA,023391638,42.1278249,-70.82664947485381,104,0
b9f02d7e-32d3-3f7b-aed0-3a5cb73b3db8,c67ca7ed-4769-3b6c-a0a9-993f1227ff10,Allen322 Veum823,M,GENERAL PRACTICE,1 BLACKBURN DR,GLOUCESTER,MA,019302237,42.6269312,-70.65555242413386,46,0
07c2dacc-a24c-350f-bd0b-487154591f70,7b5bf0fc-c5c0-3f22-980b-fdfff326a9b4,Isidro558 Kling921,M,GENERAL PRACTICE,40 CUMBERLAND AVE,NORTH ATTLEBORO,MA,027604445,41.9316677,-71.35407469790115,4,0
38cc6c59-dd6c-35f4-9c30-1a8b6cea4380,ba07b31b-bf14-39b8-be95-4c5ca5062daa,Kim439 Hyatt152,M,GENERAL PRACTICE,1575 CAMBRIDGE ST,CAMBRIDGE,MA,021384308,42.375209549999994,-71.10711344152975,155,0
b6a5ce35-46c7-3ecb-b1c8-a6c63102703e,6aae7a31-90df-3455-ad8d-81f8cf2d21e8,Damaris45 Funk324,F,GENERAL PRACTICE,680 CENTRE ST,BROCKTON,MA,023023308,42.0872752,-70.9910738855076,5,0
